{
  "project_info": {
    "project_number": "335732707356",
    "firebase_url": "https://student-management-e82a0-default-rtdb.firebaseio.com",
    "project_id": "student-management-e82a0",
    "storage_bucket": "student-management-e82a0.appspot.com"
  },
  "client": [
    {
      "client_info": {
        "mobilesdk_app_id": "1:335732707356:android:43164210630074fae2cfd9",
        "android_client_info": {
          "package_name": "com.student.management"
        }
      },
      "oauth_client": [
        {
          "client_id": "335732707356-gsc8phbmosiog7qfcekjed6c8c1i45np.apps.googleusercontent.com",
          "client_type": 3
        }
      ],
      "api_key": [
        {
          "current_key": "AIzaSyD0BtZIBfs8fIVJugNlTZwrrIrUncjhp9M"
        }
      ],
      "services": {
        "appinvite_service": {
          "other_platform_oauth_client": [
            {
              "client_id": "335732707356-gsc8phbmosiog7qfcekjed6c8c1i45np.apps.googleusercontent.com",
              "client_type": 3
            }
          ]
        }
      }
    }
  ],
  "configuration_version": "1"
}